Date,BXM Level
1/2/2004,624.31
1/5/2004,627.33
1/6/2004,627.79
1/7/2004,628.39
1/8/2004,629.56
1/9/2004,627.92
1/12/2004,628.67
1/13/2004,628.69
1/14/2004,629.63
1/15/2004,629.37
1/16/2004,628.27
1/20/2004,628.3
1/21/2004,631.1
1/22/2004,630.17
1/23/2004,630.16
1/26/2004,633.22
1/27/2004,631.05
1/28/2004,625.98
1/29/2004,628.43
1/30/2004,628.13
2/2/2004,629.59
2/3/2004,630.05
2/4/2004,627.2
2/5/2004,628.24
2/6/2004,633.28
2/9/2004,633.43
2/10/2004,635.06
2/11/2004,636.81
2/12/2004,636.37
2/13/2004,635.63
2/17/2004,637.68
2/18/2004,637.73
2/19/2004,637.76
2/20/2004,633.57
2/23/2004,633.46
2/24/2004,633.21
2/25/2004,635.17
2/26/2004,635.97
2/27/2004,636.5
3/1/2004,639.41
3/2/2004,638
3/3/2004,638.78
3/4/2004,638.78
3/5/2004,640.31
3/8/2004,638.86
3/9/2004,636.72
3/10/2004,629.93
3/11/2004,621.56
3/12/2004,629.84
3/15/2004,621.23
3/16/2004,624.84
3/17/2004,632.38
3/18/2004,631.62
3/19/2004,625.46
3/22/2004,621.01
3/23/2004,621.07
3/24/2004,620.4
3/25/2004,628.92
3/26/2004,628.75
3/29/2004,634.25
3/30/2004,635.8
3/31/2004,635.58
4/1/2004,637.02
4/2/2004,639.99
4/5/2004,641.61
4/6/2004,641.66
4/7/2004,640.17
4/8/2004,640.75
4/12/2004,642.01
4/13/2004,639.87
4/14/2004,641.37
4/15/2004,642.58
4/16/2004,642.43
4/19/2004,643.56
4/20/2004,637.04
4/21/2004,639.8
4/22/2004,645.31
4/23/2004,646.32
4/26/2004,644.9
4/27/2004,645.46
4/28/2004,640.21
4/29/2004,636.81
4/30/2004,634
5/3/2004,639.21
5/4/2004,640.25
5/5/2004,641.59
5/6/2004,638.01
5/7/2004,630.6
5/10/2004,624.43
5/11/2004,629.36
5/12/2004,630.57
5/13/2004,630.27
5/14/2004,629.95
5/17/2004,623.44
5/18/2004,627.8
5/19/2004,626.28
5/20/2004,626.6
5/21/2004,629.63
5/24/2004,631.31
5/25/2004,636.51
5/26/2004,637.07
5/27/2004,638.9
5/28/2004,638.81
6/1/2004,639.17
6/2/2004,639.82
6/3/2004,638.92
6/4/2004,640.21
6/7/2004,642.5
6/8/2004,642.69
6/9/2004,642.43
6/10/2004,642.91
6/14/2004,642.67
6/15/2004,642.71
6/16/2004,643.46
6/17/2004,644.01
6/18/2004,647.39
6/21/2004,646.3
6/22/2004,648.05
6/23/2004,651.05
6/24/2004,650.03
6/25/2004,647.3
6/28/2004,648.12
6/29/2004,649.45
6/30/2004,651.89
7/1/2004,648.12
7/2/2004,647.13
7/6/2004,643.25
7/7/2004,644.84
7/8/2004,640.13
7/9/2004,642.36
7/12/2004,643.4
7/13/2004,643.87
7/14/2004,641.86
7/15/2004,639.19
7/16/2004,637.57
7/19/2004,637.96
7/20/2004,641.11
7/21/2004,635.34
7/22/2004,637.32
7/23/2004,633.08
7/26/2004,632.33
7/27/2004,637.26
7/28/2004,637.78
7/29/2004,640.2
7/30/2004,641.08
8/2/2004,643.22
8/3/2004,640.89
8/4/2004,640.76
8/5/2004,632.48
8/6/2004,623.74
8/9/2004,624.65
8/10/2004,632.68
8/11/2004,631.16
8/12/2004,623.95
8/13/2004,624.96
8/16/2004,633.56
8/17/2004,635.02
8/18/2004,642.88
8/19/2004,640.85
8/20/2004,643.65
8/23/2004,643.49
8/24/2004,644.52
8/25/2004,646.95
8/26/2004,646.88
8/27/2004,647.72
8/30/2004,643.6
8/31/2004,647.43
9/1/2004,648.63
9/2/2004,650.66
9/3/2004,650.44
9/7/2004,651.88
9/8/2004,651.8
9/9/2004,652.53
9/10/2004,653.04
9/13/2004,652.99
9/14/2004,653.06
9/15/2004,653.01
9/16/2004,654.09
9/17/2004,654.81
9/20/2004,652.96
9/21/2004,655.64
9/22/2004,650.23
9/23/2004,648.31
9/24/2004,649.48
9/27/2004,646.68
9/28/2004,650.35
9/29/2004,652.9
9/30/2004,652.69
10/1/2004,658.81
10/4/2004,659.81
10/5/2004,659.76
10/6/2004,661.84
10/7/2004,659.35
10/8/2004,657.45
10/11/2004,659.1
10/12/2004,658.38
10/13/2004,654.53
10/14/2004,648.59
10/15/2004,651.22
10/18/2004,653.53
10/19/2004,650.34
10/20/2004,650.88
10/21/2004,652.28
10/22/2004,648.49
10/25/2004,647.99
10/26/2004,653.72
10/27/2004,657.12
10/28/2004,658.13
10/29/2004,658.65
11/1/2004,658.54
11/2/2004,658.76
11/3/2004,661.81
11/4/2004,663.02
11/5/2004,662.91
11/8/2004,662.99
11/9/2004,663.08
11/10/2004,663.17
11/11/2004,663.33
11/12/2004,664.05
11/15/2004,663.91
11/16/2004,664.16
11/17/2004,664.52
11/18/2004,664.12
11/19/2004,657.23
11/22/2004,659.94
11/23/2004,660.19
11/24/2004,661.55
11/26/2004,662.36
11/29/2004,661.8
11/30/2004,660.36
12/1/2004,664.72
12/2/2004,664.68
12/3/2004,665.3
12/6/2004,665.62
12/7/2004,662.92
12/8/2004,665
12/9/2004,666.27
12/10/2004,666.82
12/13/2004,667.84
12/14/2004,667.67
12/15/2004,668.35
12/16/2004,668.69
12/17/2004,670.21
12/20/2004,671.46
12/21/2004,674.93
12/22/2004,675.68
12/23/2004,676.23
12/27/2004,675.14
12/28/2004,677.66
12/29/2004,677.41
12/30/2004,677.62
12/31/2004,677.26
1/3/2005,675.36
1/4/2005,671.29
1/5/2005,670.07
1/6/2005,672.27
1/7/2005,671.99
1/10/2005,674.14
1/11/2005,671.39
1/12/2005,673.95
1/13/2005,669.43
1/14/2005,673.33
1/18/2005,678.82
1/19/2005,673.98
1/20/2005,668.92
1/21/2005,666.61
1/24/2005,665.45
1/25/2005,667.79
1/26/2005,670.35
1/27/2005,671.12
1/28/2005,670.02
1/31/2005,673.89
2/1/2005,676.28
2/2/2005,676.93
2/3/2005,676.85
2/4/2005,679.07
2/7/2005,678.97
2/8/2005,679.36
2/9/2005,678.97
2/10/2005,679.25
2/11/2005,679.74
2/14/2005,680.24
2/15/2005,680.52
2/16/2005,680.52
2/17/2005,680.66
2/18/2005,680.28
2/22/2005,673.51
2/23/2005,676.75
2/24/2005,680.86
2/25/2005,683.61
2/28/2005,681.95
3/1/2005,683.74
3/2/2005,683.76
3/3/2005,684.16
3/4/2005,686.74
3/7/2005,687.36
3/8/2005,687.22
3/9/2005,684.82
3/10/2005,686.3
3/11/2005,683.76
3/14/2005,686.7
3/15/2005,683.9
3/16/2005,679.7
3/17/2005,681.03
3/18/2005,680.37
3/21/2005,678.71
3/22/2005,674.69
3/23/2005,675.67
3/24/2005,675.29
3/28/2005,676.98
3/29/2005,673.19
3/30/2005,680.43
3/31/2005,679.93
4/1/2005,677.25
4/4/2005,679.04
4/5/2005,681.84
4/6/2005,683.17
4/7/2005,685.89
4/8/2005,682.91
4/11/2005,683.49
4/12/2005,686.73
4/13/2005,680.48
4/14/2005,673.86
4/15/2005,664.29
4/18/2005,666.44
4/19/2005,669.96
4/20/2005,663.1
4/21/2005,673.6
4/22/2005,670.18
4/25/2005,674.83
4/26/2005,670.9
4/27/2005,673.1
4/28/2005,667.22
4/29/2005,673.75
5/2/2005,675.98
5/3/2005,675.84
5/4/2005,681.24
5/5/2005,680.49
5/6/2005,680.75
5/9/2005,683.16
5/10/2005,679.53
5/11/2005,682.14
5/12/2005,677.81
5/13/2005,676.21
5/16/2005,681.83
5/17/2005,685.04
5/18/2005,686.82
5/19/2005,687.54
5/20/2005,684.89
5/23/2005,686.84
5/24/2005,687.23
5/25/2005,686.5
5/26/2005,688.48
5/27/2005,689.24
5/31/2005,687.39
6/1/2005,690.54
6/2/2005,691.4
6/3/2005,689.85
6/6/2005,690.75
6/7/2005,690.53
6/8/2005,690.42
6/9/2005,692.2
6/10/2005,692.96
6/13/2005,693.35
6/14/2005,693.47
6/15/2005,694.54
6/16/2005,694.91
6/17/2005,690.79
6/20/2005,690.87
6/21/2005,690.6
6/22/2005,690.77
6/23/2005,685.9
6/24/2005,682.02
6/27/2005,681.74
6/28/2005,687.42
6/29/2005,686.88
6/30/2005,682.81
7/1/2005,684.68
7/5/2005,690.07
7/6/2005,685.13
7/7/2005,686.87
7/8/2005,693.82
7/11/2005,696.9
7/12/2005,697.92
7/13/2005,699.11
7/14/2005,699.83
7/15/2005,700.09
7/18/2005,698.33
7/19/2005,701.03
7/20/2005,702.95
7/21/2005,700.75
7/22/2005,702.68
7/25/2005,701.72
7/26/2005,702.32
7/27/2005,704.31
7/28/2005,705.37
7/29/2005,703.28
8/1/2005,704.31
8/2/2005,705.91
8/3/2005,706.13
8/4/2005,704.94
8/5/2005,703.03
8/8/2005,702.65
8/9/2005,705.37
8/10/2005,705.24
8/11/2005,707.43
8/12/2005,706.53
8/15/2005,707.77
8/16/2005,704.23
8/17/2005,705.55
8/18/2005,705.65
8/19/2005,707.12
8/22/2005,708.6
8/23/2005,707.47
8/24/2005,704.79
8/25/2005,706.34
8/26/2005,703.76
8/29/2005,707.24
8/30/2005,705.99
8/31/2005,710.87
9/1/2005,711.14
9/2/2005,710.21
9/6/2005,715.06
9/7/2005,716.57
9/8/2005,715.83
9/9/2005,717.6
9/12/2005,718.03
9/13/2005,717.31
9/14/2005,717.36
9/15/2005,718.17
9/16/2005,720.4
9/19/2005,718.69
9/20/2005,715.58
9/21/2005,711.26
9/22/2005,713.38
9/23/2005,714.1
9/26/2005,714.83
9/27/2005,715.12
9/28/2005,715.77
9/29/2005,719.99
9/30/2005,720.96
10/3/2005,720.28
10/4/2005,715.58
10/5/2005,706.75
10/6/2005,704.08
10/7/2005,706.76
10/10/2005,701.96
10/11/2005,700.61
10/12/2005,696.53
10/13/2005,696.05
10/14/2005,701.82
10/17/2005,703.94
10/18/2005,696.89
10/19/2005,707.36
10/20/2005,696.79
10/21/2005,697.39
10/24/2005,703.29
10/25/2005,702.67
10/26/2005,701.74
10/27/2005,698.07
10/28/2005,704.51
10/31/2005,705.77
11/1/2005,704.9
11/2/2005,707.31
11/3/2005,707.76
11/4/2005,708.3
11/7/2005,708.67
11/8/2005,708.95
11/9/2005,709.38
11/10/2005,709.46
11/11/2005,709.86
11/14/2005,709.57
11/15/2005,709.86
11/16/2005,709.95
11/17/2005,710.62
11/18/2005,705.33
11/21/2005,707.04
11/22/2005,708.58
11/23/2005,708.64
11/25/2005,709.56
11/28/2005,707.63
11/29/2005,708.34
11/30/2005,707.28
12/1/2005,709.89
12/2/2005,710.58
12/5/2005,710.33
12/6/2005,711.15
12/7/2005,710.36
12/8/2005,710.35
12/9/2005,711.41
12/12/2005,712.04
12/13/2005,712.84
12/14/2005,713.06
12/15/2005,713.37
12/16/2005,710.39
12/19/2005,708.38
12/20/2005,708.63
12/21/2005,709.99
12/22/2005,712.44
12/23/2005,712.82
12/27/2005,708.59
12/28/2005,709.8
12/29/2005,708.58
12/30/2005,706.04
1/3/2006,714.52
1/4/2006,715.92
1/5/2006,716.33
1/6/2006,719.66
1/9/2006,720.28
1/10/2006,720.88
1/11/2006,721.61
1/12/2006,720.84
1/13/2006,721.7
1/17/2006,721.31
1/18/2006,721.19
1/19/2006,723.07
1/20/2006,711.84
1/23/2006,713.6
1/24/2006,715.17
1/25/2006,714.86
1/26/2006,718.38
1/27/2006,721.32
1/30/2006,721.82
1/31/2006,720.52
2/1/2006,721.97
2/2/2006,718.48
2/3/2006,716.71
2/6/2006,717.68
2/7/2006,713.07
2/8/2006,718.91
2/9/2006,718.28
2/10/2006,720.12
2/13/2006,718.49
2/14/2006,724.41
2/15/2006,726.85
2/16/2006,728.81
2/17/2006,727.87
2/21/2006,727.07
2/22/2006,730.19
2/23/2006,728.91
2/24/2006,729.98
2/27/2006,731.67
2/28/2006,727.87
3/1/2006,731.66
3/2/2006,731.13
3/3/2006,730.97
3/6/2006,728.01
3/7/2006,727.46
3/8/2006,729.32
3/9/2006,726.59
3/10/2006,731.08
3/13/2006,732.93
3/14/2006,736.68
3/15/2006,737.55
3/16/2006,738.03
3/17/2006,736.72
3/20/2006,736.2
3/21/2006,734.64
3/22/2006,737.26
3/23/2006,736.68
3/24/2006,737.27
3/27/2006,736.93
3/28/2006,734.29
3/29/2006,738.28
3/30/2006,737.33
3/31/2006,735.49
4/3/2006,737.23
4/4/2006,740.37
4/5/2006,742.06
4/6/2006,741.57
4/7/2006,737.18
4/10/2006,738.21
4/11/2006,734.06
4/12/2006,735.18
4/13/2006,736.04
4/17/2006,734.23
4/18/2006,744.79
4/19/2006,746.28
4/20/2006,747.64
4/21/2006,744.39
4/24/2006,743.76
4/25/2006,741.94
4/26/2006,743.84
4/27/2006,745.23
4/28/2006,745.76
5/1/2006,744.17
5/2/2006,747.22
5/3/2006,745.83
5/4/2006,747.52
5/5/2006,750.47
5/8/2006,750.99
5/9/2006,751.65
5/10/2006,751.67
5/11/2006,747.33
5/12/2006,740.81
5/15/2006,743.05
5/16/2006,741.99
5/17/2006,729.86
5/18/2006,725.07
5/19/2006,726.63
5/22/2006,725.66
5/23/2006,724.57
5/24/2006,725.82
5/25/2006,730
5/26/2006,732.66
5/30/2006,726.26
5/31/2006,730.85
6/1/2006,734.97
6/2/2006,735.88
6/5/2006,730.55
6/6/2006,730.85
6/7/2006,729.33
6/8/2006,730.5
6/9/2006,729.02
6/12/2006,721.74
6/13/2006,715.22
6/14/2006,719.21
6/15/2006,734.12
6/16/2006,731.85
6/19/2006,728.96
6/20/2006,729.83
6/21/2006,733.93
6/22/2006,732.43
6/23/2006,731.78
6/26/2006,734.86
6/27/2006,730.74
6/28/2006,733.57
6/29/2006,741.32
6/30/2006,740.51
7/3/2006,742.71
7/5/2006,741.71
7/6/2006,742.66
7/7/2006,741.67
7/10/2006,742.64
7/11/2006,743.75
7/12/2006,741.41
7/13/2006,736.04
7/14/2006,735.51
7/17/2006,735.59
7/18/2006,736.87
7/19/2006,745.49
7/20/2006,744.91
7/21/2006,740.54
7/24/2006,748.17
7/25/2006,749.64
7/26/2006,750.02
7/27/2006,749.35
7/28/2006,752.62
7/31/2006,752.51
8/1/2006,751.82
8/2/2006,753.83
8/3/2006,754.14
8/4/2006,754.17
8/7/2006,754.12
8/8/2006,754.06
8/9/2006,754.31
8/10/2006,755.64
8/11/2006,755.76
8/14/2006,756.17
8/15/2006,757.92
8/16/2006,758.55
8/17/2006,758.13
8/18/2006,758.14
8/21/2006,756.68
8/22/2006,757.51
8/23/2006,756.47
8/24/2006,757.68
8/25/2006,757.43
8/28/2006,759.99
8/29/2006,760.79
8/30/2006,761.66
8/31/2006,761.58
9/1/2006,763.53
9/5/2006,764.15
9/6/2006,761.86
9/7/2006,760.75
9/8/2006,763.14
9/11/2006,763.99
9/12/2006,766.85
9/13/2006,767.38
9/14/2006,767.72
9/15/2006,766.43
9/18/2006,765.35
9/19/2006,766.65
9/20/2006,769.03
9/21/2006,766.82
9/22/2006,765.91
9/25/2006,769.93
9/26/2006,772.61
9/27/2006,772.38
9/28/2006,773.61
9/29/2006,772.94
10/2/2006,772.53
10/3/2006,773.2
10/4/2006,776.44
10/5/2006,776.6
10/6/2006,776.58
10/9/2006,777.33
10/10/2006,777.66
10/11/2006,778.2
10/12/2006,778.88
10/13/2006,779.41
10/16/2006,779.09
10/17/2006,779.05
10/18/2006,780.07
10/19/2006,780.12
10/20/2006,778.38
10/23/2006,779.93
10/24/2006,780.22
10/25/2006,781.46
10/26/2006,782.71
10/27/2006,780.55
10/30/2006,781.5
10/31/2006,782.2
11/1/2006,779.98
11/2/2006,780.99
11/3/2006,780.45
11/6/2006,784.12
11/7/2006,784.58
11/8/2006,785.52
11/9/2006,784.77
11/10/2006,785.85
11/13/2006,786.63
11/14/2006,786.9
11/15/2006,787.34
11/16/2006,787.7
11/17/2006,790.49
11/20/2006,790.96
11/21/2006,792.15
11/22/2006,793.06
11/24/2006,791.92
11/27/2006,785.72
11/28/2006,788.3
11/29/2006,792.94
11/30/2006,793.48
12/1/2006,792.49
12/4/2006,795.85
12/5/2006,796.84
12/6/2006,796.84
12/7/2006,796.08
12/8/2006,797.58
12/11/2006,798.4
12/12/2006,798.75
12/13/2006,799.46
12/14/2006,800.43
12/15/2006,799.79
12/18/2006,798.89
12/19/2006,800.41
12/20/2006,800.14
12/21/2006,798.61
12/22/2006,795.72
12/26/2006,798.78
12/27/2006,802.57
12/28/2006,802.49
12/29/2006,800.16
1/3/2007,800.2
1/4/2007,801.36
1/5/2007,797.55
1/8/2007,799.64
1/9/2007,799.47
1/10/2007,801.23
1/11/2007,805.64
1/12/2007,808.77
1/16/2007,809.58
1/17/2007,809.61
1/18/2007,808.58
1/19/2007,811.17
1/22/2007,809.1
1/23/2007,810.95
1/24/2007,814.71
1/25/2007,809.61
1/26/2007,809.43
1/29/2007,809.37
1/30/2007,812.65
1/31/2007,815.39
2/1/2007,817.31
2/2/2007,818.32
2/5/2007,818.17
2/6/2007,818.93
2/7/2007,819.91
2/8/2007,819.86
2/9/2007,818.09
2/12/2007,817.56
2/13/2007,820.85
2/14/2007,822.05
2/15/2007,822.26
2/16/2007,824.15
2/20/2007,825.41
2/21/2007,825.49
2/22/2007,825.45
2/23/2007,824.23
2/26/2007,823.83
2/27/2007,799.85
2/28/2007,805.1
3/1/2007,803.45
3/2/2007,794.48
3/5/2007,787.18
3/6/2007,799.47
3/7/2007,797.78
3/8/2007,803.5
3/9/2007,804.05
3/12/2007,806.27
3/13/2007,790.08
3/14/2007,795.45
3/15/2007,798.42
3/16/2007,795.9
3/19/2007,801.13
3/20/2007,803.84
3/21/2007,807.94
3/22/2007,807.07
3/23/2007,807.23
3/26/2007,808.16
3/27/2007,807.24
3/28/2007,805.56
3/29/2007,806.59
3/30/2007,807.02
4/2/2007,808.19
4/3/2007,810.7
4/4/2007,811.35
4/5/2007,811.65
4/9/2007,811.74
4/10/2007,812.39
4/11/2007,812.3
4/12/2007,813.09
4/13/2007,813.3
4/16/2007,814.08
4/17/2007,813.97
4/18/2007,814.25
4/19/2007,814.37
4/20/2007,812.38
4/23/2007,811.39
4/24/2007,811.41
4/25/2007,815.23
4/26/2007,815.38
4/27/2007,815.95
4/30/2007,812.77
5/1/2007,814.73
5/2/2007,817.19
5/3/2007,818.72
5/4/2007,819.31
5/7/2007,820.52
5/8/2007,820.23
5/9/2007,821.6
5/10/2007,818.9
5/11/2007,821.53
5/14/2007,821.58
5/15/2007,822.07
5/16/2007,823.95
5/17/2007,824.34
5/18/2007,826.19
5/21/2007,826.71
5/22/2007,827.11
5/23/2007,826.77
5/24/2007,822.92
5/25/2007,826.16
5/29/2007,827.37
5/30/2007,830.94
5/31/2007,831.12
6/1/2007,832.54
6/4/2007,833.28
6/5/2007,832.03
6/6/2007,829.15
6/7/2007,819.4
6/8/2007,827.72
6/11/2007,828.98
6/12/2007,821.85
6/13/2007,832.33
6/14/2007,835.98
6/15/2007,837.1
6/18/2007,837.46
6/19/2007,838.86
6/20/2007,831.67
6/21/2007,835.54
6/22/2007,827.24
6/25/2007,825.98
6/26/2007,823.68
6/27/2007,831.13
6/28/2007,831.18
6/29/2007,830.27
7/2/2007,837.58
7/3/2007,840.38
7/5/2007,840.82
7/6/2007,843.3
7/9/2007,844.2
7/10/2007,835.48
7/11/2007,839.76
7/12/2007,848.72
7/13/2007,850.34
7/16/2007,850.82
7/17/2007,851.43
7/18/2007,851.63
7/19/2007,853.71
7/20/2007,845.37
7/23/2007,848.36
7/24/2007,837.59
7/25/2007,841.15
7/26/2007,825.38
7/27/2007,813.9
7/30/2007,822.81
7/31/2007,812.71
8/1/2007,818.6
8/2/2007,822.55
8/3/2007,801.1
8/6/2007,820.29
8/7/2007,825.42
8/8/2007,836.5
8/9/2007,812.42
8/10/2007,812.86
8/13/2007,812.83
8/14/2007,798.17
8/15/2007,787.32
8/16/2007,789.9
8/17/2007,806.6
8/20/2007,809.69
8/21/2007,811.01
8/22/2007,816.67
8/23/2007,816.47
8/24/2007,820.96
8/27/2007,818.88
8/28/2007,810.3
8/29/2007,819.24
8/30/2007,817.24
8/31/2007,821.76
9/4/2007,824.64
9/5/2007,822.69
9/6/2007,824.68
9/7/2007,820.66
9/10/2007,821.42
9/11/2007,826.01
9/12/2007,826.99
9/13/2007,828.61
9/14/2007,829.31
9/17/2007,829.37
9/18/2007,832.48
9/19/2007,832.54
9/20/2007,832.11
9/21/2007,829.51
9/24/2007,827.62
9/25/2007,828.29
9/26/2007,831.83
9/27/2007,834.08
9/28/2007,833.07
10/1/2007,837.68
10/2/2007,838.2
10/3/2007,837.41
10/4/2007,838.62
10/5/2007,841.99
10/8/2007,841.65
10/9/2007,844.02
10/10/2007,844.83
10/11/2007,843.07
10/12/2007,845.17
10/15/2007,843.97
10/16/2007,843.37
10/17/2007,845.39
10/18/2007,847.18
10/19/2007,834.39
10/22/2007,838.2
10/23/2007,842.84
10/24/2007,842
10/25/2007,841.26
10/26/2007,847.61
10/29/2007,849.43
10/30/2007,847.04
10/31/2007,853.26
11/1/2007,841.48
11/2/2007,843.39
11/5/2007,842.08
11/6/2007,849.5
11/7/2007,831.67
11/8/2007,832.95
11/9/2007,822.61
11/12/2007,814.67
11/13/2007,838.06
11/14/2007,832.27
11/15/2007,822.04
11/16/2007,825.8
11/19/2007,819.86
11/20/2007,823.17
11/21/2007,815.09
11/23/2007,824.01
11/26/2007,811.6
11/27/2007,820.76
11/28/2007,832.65
11/29/2007,834
11/30/2007,837.41
12/3/2007,836.67
12/4/2007,835.37
12/5/2007,840.94
12/6/2007,844.73
12/7/2007,845.28
12/10/2007,846.37
12/11/2007,842.21
12/12/2007,844.98
12/13/2007,845.96
12/14/2007,843.97
12/17/2007,839.91
12/18/2007,845.01
12/19/2007,846.52
12/20/2007,849.45
12/21/2007,854.47
12/24/2007,858.68
12/26/2007,859.35
12/27/2007,854.35
12/28/2007,855.5
12/31/2007,852.88
1/2/2008,845.66
1/3/2008,846.4
1/4/2008,829.83
1/7/2008,832.96
1/8/2008,819.1
1/9/2008,830.03
1/10/2008,836.47
1/11/2008,825.68
1/14/2008,834.69
1/15/2008,814.04
1/16/2008,809.53
1/17/2008,786.08
1/18/2008,781.19
1/22/2008,776.06
1/23/2008,786.93
1/24/2008,791.83
1/25/2008,784.92
1/28/2008,793.18
1/29/2008,795.84
1/30/2008,795.41
1/31/2008,802.38
2/1/2008,804.57
2/4/2008,803.38
2/5/2008,793.25
2/6/2008,791.46
2/7/2008,796.53
2/8/2008,796.16
2/11/2008,800.98
2/12/2008,804.87
2/13/2008,810.3
2/14/2008,809.24
2/15/2008,809.86
2/19/2008,810.48
2/20/2008,814.93
2/21/2008,810.35
2/22/2008,814.45
2/25/2008,820.97
2/26/2008,823.7
2/27/2008,823.92
2/28/2008,821.45
2/29/2008,809.97
3/3/2008,811.55
3/4/2008,811.25
3/5/2008,815.01
3/6/2008,802.75
3/7/2008,798.78
3/10/2008,788.45
3/11/2008,813.66
3/12/2008,808.88
3/13/2008,812.52
3/14/2008,796.5
3/17/2008,792
3/18/2008,823.06
3/19/2008,806.23
3/20/2008,819.35
3/24/2008,825.49
3/25/2008,826.78
3/26/2008,824.99
3/27/2008,821.8
3/28/2008,819.64
3/31/2008,823.41
4/1/2008,833.56
4/2/2008,833.83
4/3/2008,834.4
4/4/2008,835.36
4/7/2008,836.74
4/8/2008,836.72
4/9/2008,836.12
4/10/2008,838.12
4/11/2008,834.08
4/14/2008,834.85
4/15/2008,836.46
4/16/2008,841.34
4/17/2008,840.69
4/18/2008,839.81
4/21/2008,839.89
4/22/2008,836.09
4/23/2008,838.56
4/24/2008,841.89
4/25/2008,844.72
4/28/2008,845.39
4/29/2008,843.88
4/30/2008,843.24
5/1/2008,850.56
5/2/2008,852.88
5/5/2008,851.9
5/6/2008,854.17
5/7/2008,849.44
5/8/2008,851.86
5/9/2008,850.28
5/12/2008,855.55
5/13/2008,856.22
5/14/2008,857.81
5/15/2008,859.15
5/16/2008,857.09
5/19/2008,857.5
5/20/2008,853.46
5/21/2008,845.82
5/22/2008,848.31
5/23/2008,840.05
5/27/2008,845.17
5/28/2008,847.88
5/29/2008,851.98
5/30/2008,853.76
6/2/2008,847.2
6/3/2008,843.63
6/4/2008,843.65
6/5/2008,856.88
6/6/2008,835.13
6/9/2008,836.41
6/10/2008,834.84
6/11/2008,821.24
6/12/2008,824.1
6/13/2008,836.51
6/16/2008,836.64
6/17/2008,831.03
6/18/2008,823
6/19/2008,826.31
6/20/2008,814.21
6/23/2008,815.48
6/24/2008,814.7
6/25/2008,818.38
6/26/2008,802.34
6/27/2008,800.69
6/30/2008,802.62
7/1/2008,805.39
7/2/2008,792.66
7/3/2008,794.05
7/7/2008,788.35
7/8/2008,801.8
7/9/2008,784.17
7/10/2008,789.76
7/11/2008,781.01
7/14/2008,774.11
7/15/2008,765.78
7/16/2008,785.09
7/17/2008,794.58
7/18/2008,794.65
7/21/2008,796.1
7/22/2008,802.39
7/23/2008,803.64
7/24/2008,794.45
7/25/2008,797.64
7/28/2008,789.21
7/29/2008,801.61
7/30/2008,807
7/31/2008,802.95
8/1/2008,801.97
8/4/2008,798.46
8/5/2008,810.13
8/6/2008,811.74
8/7/2008,807.34
8/8/2008,813.84
8/11/2008,814.82
8/12/2008,813.55
8/13/2008,814.33
8/14/2008,815.69
8/15/2008,818.24
8/18/2008,811.15
8/19/2008,806.68
8/20/2008,811.05
8/21/2008,813.47
8/22/2008,819.83
8/25/2008,809.11
8/26/2008,811.99
8/27/2008,817.44
8/28/2008,824.93
8/29/2008,818.05
9/2/2008,815.99
9/3/2008,816.08
9/4/2008,795.24
9/5/2008,799.02
9/8/2008,813.14
9/9/2008,788.32
9/10/2008,793.37
9/11/2008,803.99
9/12/2008,805.05
9/15/2008,768.72
9/16/2008,782.19
9/17/2008,745.44
9/18/2008,777.91
9/19/2008,808.6
9/22/2008,791.39
9/23/2008,783.06
9/24/2008,780.96
9/25/2008,792.08
9/26/2008,792.79
9/29/2008,735.09
9/30/2008,770.79
10/1/2008,769.92
10/2/2008,742.14
10/3/2008,734.37
10/6/2008,706.62
10/7/2008,666.78
10/8/2008,659.41
10/9/2008,609.41
10/10/2008,602.33
10/13/2008,672.2
10/14/2008,668.58
10/15/2008,608.29
10/16/2008,634.19
10/17/2008,632.96
10/20/2008,656.55
10/21/2008,648.4
10/22/2008,618.74
10/23/2008,625.13
10/24/2008,608.3
10/27/2008,598.24
10/28/2008,641.62
10/29/2008,636.65
10/30/2008,647.64
10/31/2008,655.08
11/3/2008,661.01
11/4/2008,672.74
11/5/2008,658.42
11/6/2008,636.55
11/7/2008,652.72
11/10/2008,649.5
11/11/2008,639.99
11/12/2008,612.85
11/13/2008,648.03
11/14/2008,627.21
11/17/2008,613.61
11/18/2008,620.55
11/19/2008,583.37
11/20/2008,544.39
11/21/2008,560.39
11/24/2008,578.7
11/25/2008,578.64
11/26/2008,584.55
11/28/2008,585.21
12/1/2008,571.52
12/2/2008,578.74
12/3/2008,584.53
12/4/2008,581.11
12/5/2008,586.37
12/8/2008,590.73
12/9/2008,588.88
12/10/2008,591.69
12/11/2008,590.11
12/12/2008,590.66
12/15/2008,590.25
12/16/2008,591.65
12/17/2008,592.19
12/18/2008,591.36
12/19/2008,592.39
12/22/2008,587.61
12/23/2008,584.23
12/24/2008,587.61
12/26/2008,591.51
12/29/2008,591.34
12/30/2008,601.39
12/31/2008,608.49
1/2/2009,617.08
1/5/2009,616.03
1/6/2009,619
1/7/2009,611.17
1/8/2009,614.02
1/9/2009,608.64
1/12/2009,599.48
1/13/2009,601.93
1/14/2009,582.89
1/15/2009,583.84
1/16/2009,586.8
1/20/2009,565.35
1/21/2009,585.8
1/22/2009,581.62
1/23/2009,584.23
1/26/2009,588.02
1/27/2009,592.91
1/28/2009,602.72
1/29/2009,593.05
1/30/2009,585.07
2/2/2009,586.53
2/3/2009,593.99
2/4/2009,592.1
2/5/2009,597.52
2/6/2009,604.78
2/9/2009,606.65
2/10/2009,591.29
2/11/2009,597.1
2/12/2009,599.92
2/13/2009,596.39
2/17/2009,572.72
2/18/2009,572.8
2/19/2009,566.55
2/20/2009,557.93
2/23/2009,546.37
2/24/2009,562.81
2/25/2009,560.26
2/26/2009,556.45
2/27/2009,547.99
3/2/2009,528.16
3/3/2009,526.8
3/4/2009,538.37
3/5/2009,517.57
3/6/2009,518.69
3/9/2009,514.37
3/10/2009,545.21
3/11/2009,546.81
3/12/2009,565.6
3/13/2009,569.05
3/16/2009,568.6
3/17/2009,580.79
3/18/2009,584.6
3/19/2009,585.66
3/20/2009,575.1
3/23/2009,594.75
3/24/2009,590.85
3/25/2009,593.66
3/26/2009,599.48
3/27/2009,595.94
3/30/2009,587.16
3/31/2009,592.75
4/1/2009,598.05
4/2/2009,602.99
4/3/2009,605.49
4/6/2009,606.09
4/7/2009,603.85
4/8/2009,606.74
4/9/2009,609.49
4/13/2009,610.72
4/14/2009,609.94
4/15/2009,610.7
4/16/2009,611.26
4/17/2009,609.09
4/20/2009,592.68
4/21/2009,602.34
4/22/2009,599.58
4/23/2009,603.71
4/24/2009,609.97
4/27/2009,607.05
4/28/2009,607.26
4/29/2009,614.88
4/30/2009,615.12
5/1/2009,617.57
5/4/2009,624.13
5/5/2009,625.35
5/6/2009,627.35
5/7/2009,626.85
5/8/2009,628.92
5/11/2009,627.57
5/12/2009,628.85
5/13/2009,627.1
5/14/2009,630.45
5/15/2009,624.88
5/18/2009,636.7
5/19/2009,637.42
5/20/2009,636.55
5/21/2009,630.33
5/22/2009,630.03
5/26/2009,639.79
5/27/2009,634.14
5/28/2009,639.41
5/29/2009,642.67
6/1/2009,647.35
6/2/2009,648.97
6/3/2009,647.04
6/4/2009,649.84
6/5/2009,649.14
6/8/2009,650.89
6/9/2009,652.05
6/10/2009,651.84
6/11/2009,652.92
6/12/2009,652.85
6/15/2009,651.25
6/16/2009,650.52
6/17/2009,651.51
6/18/2009,654.35
6/19/2009,651.78
6/22/2009,638.16
6/23/2009,639.88
6/24/2009,643.61
6/25/2009,653.7
6/26/2009,654.45
6/29/2009,658.4
6/30/2009,655.38
7/1/2009,657.7
7/2/2009,644.3
7/6/2009,646.49
7/7/2009,635.33
7/8/2009,634.83
7/9/2009,637.58
7/10/2009,635.45
7/13/2009,650.66
7/14/2009,654.23
7/15/2009,668.64
7/16/2009,671.64
7/17/2009,671.67
7/20/2009,676.48
7/21/2009,677.52
7/22/2009,678.12
7/23/2009,683.68
7/24/2009,684.32
7/27/2009,684.85
7/28/2009,684.66
7/29/2009,683.75
7/30/2009,686.48
7/31/2009,686.54
8/3/2009,688.42
8/4/2009,689.33
8/5/2009,689.34
8/6/2009,688.9
8/7/2009,690.27
8/10/2009,690.01
8/11/2009,689.89
8/12/2009,690.9
8/13/2009,690.89
8/14/2009,690.87
8/17/2009,690.21
8/18/2009,691.62
8/19/2009,690.97
8/20/2009,691.83
8/21/2009,694.48
8/24/2009,695.17
8/25/2009,696.1
8/26/2009,696.88
8/27/2009,698.39
8/28/2009,698.11
8/31/2009,695.88
9/1/2009,685.35
9/2/2009,684.87
9/3/2009,690.05
9/4/2009,697.45
9/8/2009,701.96
9/9/2009,705.2
9/10/2009,708.52
9/11/2009,708.28
9/14/2009,710.07
9/15/2009,710.38
9/16/2009,711.39
9/17/2009,710.51
9/18/2009,708.98
9/21/2009,708.58
9/22/2009,711.92
9/23/2009,708.2
9/24/2009,704.16
9/25/2009,701.41
9/28/2009,710.12
9/29/2009,709.96
9/30/2009,708.99
10/1/2009,695.14
10/2/2009,692.94
10/5/2009,702.83
10/6/2009,710.28
10/7/2009,712.56
10/8/2009,716.47
10/9/2009,720.03
10/12/2009,721.73
10/13/2009,721.1
10/14/2009,724.99
10/15/2009,727.05
10/16/2009,725.94
10/19/2009,729.93
10/20/2009,728.37
10/21/2009,725.26
10/22/2009,730.41
10/23/2009,725
10/26/2009,719.87
10/27/2009,718.68
10/28/2009,708.09
10/29/2009,721.34
10/30/2009,704.97
11/2/2009,709.59
11/3/2009,711.63
11/4/2009,712.59
11/5/2009,723.81
11/6/2009,726.18
11/9/2009,735.46
11/10/2009,736.49
11/11/2009,738.61
11/12/2009,735.65
11/13/2009,738.56
11/16/2009,742.19
11/17/2009,743.05
11/18/2009,743.43
11/19/2009,743.06
11/20/2009,743.45
11/23/2009,749.41
11/24/2009,749.85
11/25/2009,751.47
11/27/2009,745.95
11/30/2009,746.92
12/1/2009,752.1
12/2/2009,752.82
12/3/2009,750.5
12/4/2009,753.16
12/7/2009,753.2
12/8/2009,750.05
12/9/2009,752.54
12/10/2009,754.91
12/11/2009,756.2
12/14/2009,758.67
12/15/2009,757.85
12/16/2009,757.93
12/17/2009,757.86
12/18/2009,757.48
12/21/2009,762.45
12/22/2009,764.37
12/23/2009,765.19
12/24/2009,766.66
12/28/2009,767.57
12/29/2009,767.75
12/30/2009,768.61
12/31/2009,766.18
1/4/2010,770.46
1/5/2010,771.29
1/6/2010,771.69
1/7/2010,771.91
1/8/2010,772.57
1/11/2010,772.82
1/12/2010,772.46
1/13/2010,772.55
1/14/2010,772.45
1/15/2010,765.55
1/19/2010,771.27
1/20/2010,767.42
1/21/2010,757.6
1/22/2010,743.53
1/25/2010,747.94
1/26/2010,745.36
1/27/2010,748.87
1/28/2010,741.44
1/29/2010,734.77
2/1/2010,745.27
2/2/2010,754.27
2/3/2010,750.81
2/4/2010,728.35
2/5/2010,730.62
2/8/2010,724.45
2/9/2010,733.94
2/10/2010,732.58
2/11/2010,739.73
2/12/2010,737.92
2/16/2010,751.26
2/17/2010,754.63
2/18/2010,759.69
2/19/2010,761.92
2/22/2010,762.17
2/23/2010,756.37
2/24/2010,761.93
2/25/2010,761.25
2/26/2010,762.78
3/1/2010,767.66
3/2/2010,768.57
3/3/2010,769.02
3/4/2010,770.56
3/5/2010,774
3/8/2010,774.63
3/9/2010,775.23
3/10/2010,775.72
3/11/2010,776.43
3/12/2010,776.68
3/15/2010,776.74
3/16/2010,776.89
3/17/2010,776.83
3/18/2010,777.1
3/19/2010,768.34
3/22/2010,771.38
3/23/2010,774.1
3/24/2010,771.66
3/25/2010,770.56
3/26/2010,772.01
3/29/2010,774.92
3/30/2010,775.41
3/31/2010,774.49
4/1/2010,777.29
4/5/2010,779.8
4/6/2010,780.37
4/7/2010,779.69
4/8/2010,780.85
4/9/2010,781.88
4/12/2010,782
4/13/2010,782.24
4/14/2010,782.79
4/15/2010,782.47
4/16/2010,773.41
4/19/2010,776.77
4/20/2010,780.69
4/21/2010,780.61
4/22/2010,780.87
4/23/2010,783.21
4/26/2010,781.68
4/27/2010,769.97
4/28/2010,774.82
4/29/2010,781.11
4/30/2010,772.73
5/3/2010,780.02
5/4/2010,767.64
5/5/2010,764.19
5/6/2010,741.62
5/7/2010,730.62
5/10/2010,761.88
5/11/2010,759.7
5/12/2010,769.73
5/13/2010,761.99
5/14/2010,748.19
5/17/2010,749.39
5/18/2010,738.91
5/19/2010,735.23
5/20/2010,706.7
5/21/2010,717.22
5/24/2010,715.62
5/25/2010,717.47
5/26/2010,716.7
5/27/2010,728.37
5/28/2010,725.23
6/1/2010,718.79
6/2/2010,729.8
6/3/2010,731.66
6/4/2010,719.18
6/7/2010,714.8
6/8/2010,722.13
6/9/2010,719.79
6/10/2010,732.1
6/11/2010,735.41
6/14/2010,736
6/15/2010,740.59
6/16/2010,740.87
6/17/2010,741.48
6/18/2010,740.43
6/21/2010,738.68
6/22/2010,731.1
6/23/2010,730.3
6/24/2010,720.45
6/25/2010,722.72
6/28/2010,722.29
6/29/2010,701.65
6/30/2010,695.03
7/1/2010,692.9
7/2/2010,689.91
7/6/2010,693.69
7/7/2010,715.52
7/8/2010,722.3
7/9/2010,727.45
7/12/2010,728.02
7/13/2010,738.98
7/14/2010,739.35
7/15/2010,740.4
7/16/2010,723.14
7/19/2010,727.12
7/20/2010,732.57
7/21/2010,727.03
7/22/2010,735.57
7/23/2010,738.69
7/26/2010,742.48
7/27/2010,742.05
7/28/2010,740.67
7/29/2010,740.62
7/30/2010,741.15
8/2/2010,746.44
8/3/2010,746.03
8/4/2010,746.98
8/5/2010,747.13
8/6/2010,747.59
8/9/2010,748.54
8/10/2010,747.88
8/11/2010,742.33
8/12/2010,741.87
8/13/2010,740.74
8/16/2010,743.48
8/17/2010,748.36
8/18/2010,749.04
8/19/2010,746.39
8/20/2010,743.88
8/23/2010,743.77
8/24/2010,737.28
8/25/2010,739.22
8/26/2010,735.99
8/27/2010,745.14
8/30/2010,738.8
8/31/2010,739.55
9/1/2010,752.45
9/2/2010,755.44
9/3/2010,759.32
9/7/2010,757.68
9/8/2010,759.37
9/9/2010,760.59
9/10/2010,761.23
9/13/2010,762.4
9/14/2010,762.4
9/15/2010,762.15
9/16/2010,762.2
9/17/2010,758.99
9/20/2010,764.79
9/21/2010,763.41
9/22/2010,762.78
9/23/2010,759.49
9/24/2010,767.65
9/27/2010,765.93
9/28/2010,767.85
9/29/2010,767.69
9/30/2010,767.23
10/1/2010,769.27
10/4/2010,767.87
10/5/2010,773.41
10/6/2010,774.17
10/7/2010,774.06
10/8/2010,775.5
10/11/2010,775.36
10/12/2010,775.9
10/13/2010,776.35
10/14/2010,776.36
10/15/2010,772.1
10/18/2010,775.78
10/19/2010,769.23
10/20/2010,774.16
10/21/2010,775.74
10/22/2010,776.89
10/25/2010,777.19
10/26/2010,777.34
10/27/2010,776.75
10/28/2010,777.23
10/29/2010,776.79
11/1/2010,778.35
11/2/2010,780.73
11/3/2010,783.22
11/4/2010,787.09
11/5/2010,788.11
11/8/2010,788.69
11/9/2010,787.51
11/10/2010,788.92
11/11/2010,788.37
11/12/2010,786.51
11/15/2010,787.63
11/16/2010,784.18
11/17/2010,786.26
11/18/2010,789.46
11/19/2010,791.32
11/22/2010,791.23
11/23/2010,784.41
11/24/2010,791.11
11/26/2010,793.05
11/29/2010,787.94
11/30/2010,784.58
12/1/2010,794.19
12/2/2010,798.65
12/3/2010,800.36
12/6/2010,801
12/7/2010,801.37
12/8/2010,802.47
12/9/2010,803.03
12/10/2010,803.64
12/13/2010,803.61
12/14/2010,803.81
12/15/2010,803.48
12/16/2010,804.07
12/17/2010,804.77
12/20/2010,806.74
12/21/2010,808.78
12/22/2010,810.7
12/23/2010,809.79
12/27/2010,810.3
12/28/2010,810.65
12/29/2010,811.43
12/30/2010,811.46
12/31/2010,811.07
1/3/2011,815.66
1/4/2011,815.37
1/5/2011,816.57
1/6/2011,816.42
1/7/2011,816.78
1/10/2011,817.08
1/11/2011,818.29
1/12/2011,819.23
1/13/2011,819.43
1/14/2011,820.03
1/18/2011,819.77
1/19/2011,819.69
1/20/2011,819.92
1/21/2011,816.64
1/24/2011,820.02
1/25/2011,820.62
1/26/2011,822.49
1/27/2011,824.31
1/28/2011,815.02
1/31/2011,819.71
2/1/2011,826.56
2/2/2011,825.97
2/3/2011,827.43
2/4/2011,828.78
2/7/2011,830.33
2/8/2011,831.25
2/9/2011,830.78
2/10/2011,831.37
2/11/2011,831.7
2/14/2011,832.48
2/15/2011,832.5
2/16/2011,832.95
2/17/2011,832.9
2/18/2011,833.93
2/22/2011,821.18
2/23/2011,817.39
2/24/2011,817.52
2/25/2011,825.27
2/28/2011,829.13
3/1/2011,818.83
3/2/2011,820.42
3/3/2011,831.82
3/4/2011,827.97
3/7/2011,822.2
3/8/2011,828.83
3/9/2011,828.39
3/10/2011,814.09
3/11/2011,820.31
3/14/2011,815.67
3/15/2011,806.58
3/16/2011,790.91
3/17/2011,801.54
3/18/2011,805.99
3/21/2011,814.6
3/22/2011,813.54
3/23/2011,815.81
3/24/2011,819.32
3/25/2011,819.99
3/28/2011,819.53
3/29/2011,822.4
3/30/2011,824.05
3/31/2011,823.1
4/1/2011,825.63
4/4/2011,825.81
4/5/2011,826.6
4/6/2011,826.8
4/7/2011,827.1
4/8/2011,826.72
4/11/2011,827.15
4/12/2011,826.58
4/13/2011,827.66
4/14/2011,827.55
4/15/2011,828.77
4/18/2011,824.48
4/19/2011,828.13
4/20/2011,833.35
4/21/2011,835.65
4/25/2011,835.22
4/26/2011,837.48
4/27/2011,839.01
4/28/2011,840.46
4/29/2011,840.74
5/2/2011,840.46
5/3/2011,840.11
5/4/2011,839.05
5/5/2011,836.17
5/6/2011,837.48
5/9/2011,840
5/10/2011,841.82
5/11/2011,840.13
5/12/2011,841.84
5/13/2011,840.41
5/16/2011,839.32
5/17/2011,840.6
5/18/2011,843.21
5/19/2011,843.93
5/20/2011,838.62
5/23/2011,833.08
5/24/2011,833.19
5/25/2011,835.44
5/26/2011,838.3
5/27/2011,840.52
5/31/2011,845.96
6/1/2011,834.31
6/2/2011,833.94
6/3/2011,828.28
6/6/2011,820.4
6/7/2011,819.89
6/8/2011,816.8
6/9/2011,822.83
6/10/2011,811.53
6/13/2011,812.38
6/14/2011,822.67
6/15/2011,808.44
6/16/2011,810
6/17/2011,812.95
6/20/2011,816.83
6/21/2011,822.16
6/22/2011,820.78
6/23/2011,819.39
6/24/2011,814.45
6/27/2011,819.13
6/28/2011,824.69
6/29/2011,827.95
6/30/2011,830.71
7/1/2011,831.72
7/5/2011,831.98
7/6/2011,832.2
7/7/2011,832.77
7/8/2011,832.95
7/11/2011,831.92
7/12/2011,831.57
7/13/2011,832.61
7/14/2011,832.98
7/15/2011,832.62
7/18/2011,829.77
7/19/2011,836.53
7/20/2011,836.53
7/21/2011,840.75
7/22/2011,841.69
7/25/2011,839.5
7/26/2011,838.21
7/27/2011,829.9
7/28/2011,828.58
7/29/2011,824.64
8/1/2011,825
8/2/2011,809.34
8/3/2011,814.09
8/4/2011,776.64
8/5/2011,776.7
8/8/2011,725.17
8/9/2011,759.6
8/10/2011,726.38
8/11/2011,760.06
8/12/2011,764.14
8/15/2011,780.9
8/16/2011,773.48
8/17/2011,774.43
8/18/2011,739.95
8/19/2011,733.13
8/22/2011,735
8/23/2011,751.33
8/24/2011,755.03
8/25/2011,747.04
8/26/2011,755.23
8/29/2011,763.91
8/30/2011,764.87
8/31/2011,765.89
9/1/2011,764.84
9/2/2011,760.21
9/6/2011,758.66
9/7/2011,767.7
9/8/2011,765.73
9/9/2011,757.13
9/12/2011,763.69
9/13/2011,768.57
9/14/2011,771.74
9/15/2011,772.91
9/16/2011,771.8
9/19/2011,767.68
9/20/2011,767.34
9/21/2011,754.45
9/22/2011,735.47
9/23/2011,739.5
9/26/2011,753.14
9/27/2011,758.63
9/28/2011,747.75
9/29/2011,753.41
9/30/2011,738.32
10/3/2011,720.82
10/4/2011,736.6
10/5/2011,748.5
10/6/2011,760.05
10/7/2011,756.37
10/10/2011,776.71
10/11/2011,778.27
10/12/2011,784.06
10/13/2011,784.14
10/14/2011,790.94
10/17/2011,784.53
10/18/2011,792.78
10/19/2011,790.2
10/20/2011,795.44
10/21/2011,803.53
10/24/2011,810.17
10/25/2011,801.21
10/26/2011,807.15
10/27/2011,818.86
10/28/2011,820.18
10/31/2011,812.26
11/1/2011,798.74
11/2/2011,807.23
11/3/2011,815.57
11/4/2011,814.4
11/7/2011,818.43
11/8/2011,822.94
11/9/2011,807.49
11/10/2011,814.38
11/11/2011,822.39
11/14/2011,821.45
11/15/2011,823.86
11/16/2011,820.36
11/17/2011,812.54
11/18/2011,812.67
11/21/2011,805.1
11/22/2011,804.35
11/23/2011,791.57
11/25/2011,789.79
11/28/2011,809.6
11/29/2011,811.57
11/30/2011,831.02
12/1/2011,830.37
12/2/2011,830.58
12/5/2011,834.26
12/6/2011,835.44
12/7/2011,835.92
12/8/2011,830.15
12/9/2011,838.33
12/12/2011,836.57
12/13/2011,835.57
12/14/2011,831.08
12/15/2011,835.46
12/16/2011,839.71
12/19/2011,835.28
12/20/2011,849.25
12/21/2011,851.4
12/22/2011,854.03
12/23/2011,857.44
12/27/2011,857.95
12/28/2011,854.25
12/29/2011,858.45
12/30/2011,857.46
1/3/2012,862.46
1/4/2012,863.14
1/5/2012,864.35
1/6/2012,864.62
1/9/2012,865.97
1/10/2012,866.6
1/11/2012,867.08
1/12/2012,867.08
1/13/2012,866.86
1/17/2012,867.2
1/18/2012,867.75
1/19/2012,867.89
1/20/2012,868.26
1/23/2012,868.55
1/24/2012,868.73
1/25/2012,871.98
1/26/2012,870
1/27/2012,869.59
1/30/2012,869.55
1/31/2012,869.31
2/1/2012,874.08
2/2/2012,875.13
2/3/2012,879.51
2/6/2012,880.22
2/7/2012,880.69
2/8/2012,881.02
2/9/2012,881.43
2/10/2012,880.33
2/13/2012,882.5
2/14/2012,882.73
2/15/2012,882.35
2/16/2012,883.36
2/17/2012,881.01
2/21/2012,882.37
2/22/2012,881.65
2/23/2012,884.35
2/24/2012,885.47
2/27/2012,885.92
2/28/2012,887.67
2/29/2012,886.4
3/1/2012,889.56
3/2/2012,889.13
3/5/2012,888.52
3/6/2012,879.95
3/7/2012,884.87
3/8/2012,889.39
3/9/2012,891.77
3/12/2012,893.29
3/13/2012,895.27
3/14/2012,895.31
3/15/2012,896
3/16/2012,895.43
3/19/2012,897.17
3/20/2012,896.26
3/21/2012,895.79
3/22/2012,892.4
3/23/2012,894.65
3/26/2012,901.07
3/27/2012,899.65
3/28/2012,898.68
3/29/2012,898.53
3/30/2012,900.28
4/2/2012,903.46
4/3/2012,902.84
4/4/2012,898.36
4/5/2012,898.82
4/9/2012,892.47
4/10/2012,879.22
4/11/2012,885.85
4/12/2012,896.75
4/13/2012,887.18
4/16/2012,887.09
4/17/2012,899.53
4/18/2012,897.37
4/19/2012,892.36
4/20/2012,895.38
4/23/2012,890.87
4/24/2012,893.5
4/25/2012,901.3
4/26/2012,904.79
4/27/2012,905.91
4/30/2012,904.91
5/1/2012,907.58
5/2/2012,906.82
5/3/2012,904.09
5/4/2012,895.42
5/7/2012,896.44
5/8/2012,894.43
5/9/2012,889.02
5/10/2012,891.91
5/11/2012,889.48
5/14/2012,880.43
5/15/2012,875.69
5/16/2012,872.2
5/17/2012,859.19
5/18/2012,854.99
5/21/2012,864.97
5/22/2012,864.98
5/23/2012,866.54
5/24/2012,868.07
5/25/2012,867.46
5/29/2012,872.9
5/30/2012,867.16
5/31/2012,866.76
6/1/2012,852.55
6/4/2012,854.45
6/5/2012,858.58
6/6/2012,873.03
6/7/2012,873.62
6/8/2012,877.07
6/11/2012,872.9
6/12/2012,879.59
6/13/2012,877.4
6/14/2012,881.69
6/15/2012,885.97
6/18/2012,889.22
6/19/2012,892.78
6/20/2012,893.5
6/21/2012,883.29
6/22/2012,887.96
6/25/2012,879.63
6/26/2012,882.79
6/27/2012,887.63
6/28/2012,887.3
6/29/2012,898.44
7/2/2012,900.22
7/3/2012,901.66
7/5/2012,900.93
7/6/2012,900.55
7/9/2012,899.57
7/10/2012,897.25
7/11/2012,898.12
7/12/2012,896.17
7/13/2012,904.18
7/16/2012,903.75
7/17/2012,905.53
7/18/2012,905.98
7/19/2012,906.81
7/20/2012,902.76
7/23/2012,897.66
7/24/2012,891.52
7/25/2012,892.26
7/26/2012,902.76
7/27/2012,911.13
7/30/2012,910.51
7/31/2012,908.92
8/1/2012,908.2
8/2/2012,906.89
8/3/2012,915.24
8/6/2012,916.33
8/7/2012,917.97
8/8/2012,918.51
8/9/2012,919.18
8/10/2012,920.09
8/13/2012,919.79
8/14/2012,920.04
8/15/2012,920.65
8/16/2012,920.3
8/17/2012,919.39
8/20/2012,920.54
8/21/2012,918.2
8/22/2012,918.27
8/23/2012,913.84
8/24/2012,918.28
8/27/2012,918
8/28/2012,917.57
8/29/2012,918.31
8/30/2012,913.86
8/31/2012,917.53
9/4/2012,917.39
9/5/2012,917.1
9/6/2012,928.23
9/7/2012,930.81
9/10/2012,927.91
9/11/2012,929.32
9/12/2012,930.36
9/13/2012,933.47
9/14/2012,934.18
9/17/2012,934.5
9/18/2012,934.31
9/19/2012,935
9/20/2012,934.69
9/21/2012,932.18
9/24/2012,931.11
9/25/2012,924.42
9/26/2012,920.34
9/27/2012,928.12
9/28/2012,925.17
10/1/2012,927.3
10/2/2012,928.3
10/3/2012,930.99
10/4/2012,935.04
10/5/2012,936.19
10/8/2012,934.54
10/9/2012,927.95
10/10/2012,923.47
10/11/2012,924.19
10/12/2012,921.72
10/15/2012,929.14
10/16/2012,937.69
10/17/2012,941.17
10/18/2012,940.61
10/19/2012,927.14
10/22/2012,927.73
10/23/2012,917.42
10/24/2012,915.56
10/25/2012,918.1
10/26/2012,918.02
10/31/2012,918.43
11/1/2012,927.26
11/2/2012,920.27
11/5/2012,922.16
11/6/2012,928.31
11/7/2012,910.46
11/8/2012,899.73
11/9/2012,901.4
11/12/2012,901.53
11/13/2012,898.28
11/14/2012,886.16
11/15/2012,884.8
11/16/2012,888.1
11/19/2012,895.95
11/20/2012,896.21
11/21/2012,896.84
11/23/2012,900.56
11/26/2012,899.64
11/27/2012,898.53
11/28/2012,900.38
11/29/2012,901.05
11/30/2012,900.9
12/3/2012,900.77
12/4/2012,900.61
12/5/2012,901.52
12/6/2012,902.24
12/7/2012,902.9
12/10/2012,903.18
12/11/2012,903.17
12/12/2012,903.34
12/13/2012,902.97
12/14/2012,902.82
12/17/2012,903.56
12/18/2012,903.93
12/19/2012,903.84
12/20/2012,904.13
12/21/2012,901.26
12/24/2012,900.87
12/26/2012,898.2
12/27/2012,897.99
12/28/2012,890.7
12/31/2012,902.09
1/2/2013,913.24
1/3/2013,913.62
1/4/2013,915.45
1/7/2013,915.34
1/8/2013,915.51
1/9/2013,915.83
1/10/2013,916.66
1/11/2013,916.46
1/14/2013,916.54
1/15/2013,917.42
1/16/2013,917.69
1/17/2013,917
1/18/2013,917.87
1/22/2013,920.12
1/23/2013,920.71
1/24/2013,920.8
1/25/2013,922.2
1/28/2013,921.8
1/29/2013,923.01
1/30/2013,922.45
1/31/2013,921.91
2/1/2013,925.44
2/4/2013,922.39
2/5/2013,925.4
2/6/2013,925.97
2/7/2013,926.24
2/8/2013,927.17
2/11/2013,927.05
2/12/2013,927.52
2/13/2013,927.49
2/14/2013,927.42
2/15/2013,926.01
2/19/2013,929.91
2/20/2013,922.37
2/21/2013,918.48
2/22/2013,924.56
2/25/2013,910.46
2/26/2013,916.83
2/27/2013,925.66
2/28/2013,925.63
3/1/2013,927.44
3/4/2013,931.17
3/5/2013,934.64
3/6/2013,935.51
3/7/2013,936.31
3/8/2013,937.8
3/11/2013,937.94
3/12/2013,937.87
3/13/2013,938.46
3/14/2013,939.38
3/15/2013,941.15
3/18/2013,937.25
3/19/2013,935.7
3/20/2013,940.36
3/21/2013,935.55
3/22/2013,939.3
3/25/2013,938.26
3/26/2013,943.08
3/27/2013,942.85
3/28/2013,945.6
4/1/2013,943.81
4/2/2013,946.55
4/3/2013,941.32
4/4/2013,943.54
4/5/2013,942.17
4/8/2013,946.23
4/9/2013,948.15
4/10/2013,951.34
4/11/2013,952.52
4/12/2013,952.25
4/15/2013,943.21
4/16/2013,951.37
4/17/2013,945.93
4/18/2013,941.76
4/19/2013,949.51
4/22/2013,952.26
4/23/2013,955.87
4/24/2013,956
4/25/2013,956.88
4/26/2013,956.85
4/29/2013,959.14
4/30/2013,959.99
5/1/2013,957.57
5/2/2013,960.25
5/3/2013,960.85
5/6/2013,961.89
5/7/2013,962.26
5/8/2013,962.53
5/9/2013,961.99
5/10/2013,963.04
5/13/2013,962.63
5/14/2013,962.49
5/15/2013,962.83
5/16/2013,962.87
5/17/2013,966.18
5/20/2013,966.6
5/21/2013,966.99
5/22/2013,963.3
5/23/2013,961.94
5/24/2013,962.13
5/28/2013,965.69
5/29/2013,962.25
5/30/2013,964.95
5/31/2013,955.98
6/3/2013,960.81
6/4/2013,957.14
6/5/2013,946.75
6/6/2013,954.08
6/7/2013,964.42
6/10/2013,964.7
6/11/2013,956.79
6/12/2013,950.03
6/13/2013,962.95
6/14/2013,958.59
6/17/2013,965.18
6/18/2013,970.74
6/19/2013,960.55
6/20/2013,936.97
6/21/2013,937.8
6/24/2013,931.96
6/25/2013,938.07
6/26/2013,943.56
6/27/2013,946.54
6/28/2013,946
7/1/2013,948.92
7/2/2013,949.44
7/3/2013,949.52
7/5/2013,953.98
7/8/2013,955.03
7/9/2013,956.16
7/10/2013,956.11
7/11/2013,956.81
7/12/2013,958.53
7/15/2013,956.98
7/16/2013,957.02
7/17/2013,957.58
7/18/2013,957.19
7/19/2013,958.08
7/22/2013,960.1
7/23/2013,959.07
7/24/2013,957.45
7/25/2013,959.16
7/26/2013,960.2
7/29/2013,958.55
7/30/2013,958.54
7/31/2013,958.33
8/1/2013,964.7
8/2/2013,966.72
8/5/2013,967.2
8/6/2013,965.1
8/7/2013,963.94
8/8/2013,966.27
8/9/2013,965.07
8/12/2013,965.65
8/13/2013,967.75
8/14/2013,966.04
8/15/2013,953.83
8/16/2013,951.58
8/19/2013,948.84
8/20/2013,951.14
8/21/2013,948.04
8/22/2013,953.5
8/23/2013,956.49
8/26/2013,954.51
8/27/2013,944.35
8/28/2013,946.7
8/29/2013,948.04
8/30/2013,946.29
9/3/2013,950.16
9/4/2013,955.89
9/5/2013,957.11
9/6/2013,957.52
9/9/2013,963.07
9/10/2013,966.71
9/11/2013,969.37
9/12/2013,967.63
9/13/2013,968.76
9/16/2013,969.5
9/17/2013,970.05
9/18/2013,970.56
9/19/2013,970.73
9/20/2013,964.46
9/23/2013,961.66
9/24/2013,960.17
9/25/2013,958.61
9/26/2013,961.67
9/27/2013,958.42
9/30/2013,953.72
10/1/2013,960.61
10/2/2013,960.21
10/3/2013,953
10/4/2013,959.21
10/7/2013,951.86
10/8/2013,941.31
10/9/2013,942
10/10/2013,961.85
10/11/2013,967.47
10/14/2013,970.45
10/15/2013,964.87
10/16/2013,977.3
10/17/2013,981.14
10/18/2013,983.43
10/21/2013,983.99
10/22/2013,985.79
10/23/2013,984.41
10/24/2013,985.99
10/25/2013,987.76
10/28/2013,988.36
10/29/2013,989.86
10/30/2013,988.75
10/31/2013,987.9
11/1/2013,989.58
11/4/2013,991.41
11/5/2013,991.14
11/6/2013,992.45
11/7/2013,988.69
11/8/2013,992.94
11/11/2013,993.73
11/12/2013,993.32
11/13/2013,994.42
11/14/2013,993.45
11/15/2013,996.79
11/18/2013,995.21
11/19/2013,994.24
11/20/2013,992.63
11/21/2013,997.29
11/22/2013,1000.41
11/25/2013,1000.02
11/26/2013,1000.22
11/27/2013,1001.77
11/29/2013,1001.12
12/2/2013,1000.54
12/3/2013,999.56
12/4/2013,998.87
12/5/2013,996.58
12/6/2013,1003.19
12/9/2013,1004.18
12/10/2013,1003.23
12/11/2013,997.32
12/12/2013,995.22
12/13/2013,995.31
12/16/2013,1000.26
12/17/2013,998.87
12/18/2013,1008.71
12/19/2013,1009.13
12/20/2013,1013.39
12/23/2013,1017.06
12/24/2013,1018.24
12/26/2013,1020.58
12/27/2013,1020.79
12/30/2013,1020.77
12/31/2013,1021.68
1/2/2014,1019.7
1/3/2014,1021.02
1/6/2014,1021.15
1/7/2014,1023.85
1/8/2014,1023.91
1/9/2014,1024.27
1/10/2014,1025.34
1/13/2014,1021.8
1/14/2014,1026.39
1/15/2014,1026.87
1/16/2014,1027.04
1/17/2014,1024.55
1/21/2014,1026.65
1/22/2014,1027.12
1/23/2014,1021.73
1/24/2014,1004.74
1/27/2014,1000.75
1/28/2014,1006.63
1/29/2014,997.25
1/30/2014,1007.64
1/31/2014,1001.59
2/3/2014,979.99
2/4/2014,987.51
2/5/2014,985.82
2/6/2014,998.41
2/7/2014,1011.35
2/10/2014,1013.21
2/11/2014,1023.55
2/12/2014,1023.94
2/13/2014,1029.44
2/14/2014,1033.45
2/18/2014,1035.18
2/19/2014,1030.6
2/20/2014,1036.89
2/21/2014,1037.64
2/24/2014,1041.3
2/25/2014,1040.73
2/26/2014,1041.21
2/27/2014,1042.75
2/28/2014,1043.94
3/3/2014,1041.19
3/4/2014,1048.3
3/5/2014,1048.88
3/6/2014,1049
3/7/2014,1050.25
3/10/2014,1050.62
3/11/2014,1049.47
3/12/2014,1050.3
3/13/2014,1044.37
3/14/2014,1042.94
3/17/2014,1050.54
3/18/2014,1053.12
3/19/2014,1052.36
3/20/2014,1053.69
3/21/2014,1041.61
3/24/2014,1038.57
3/25/2014,1042.43
3/26/2014,1037.09
3/27/2014,1036.19
3/28/2014,1040.3
3/31/2014,1046.66
4/1/2014,1051.33
4/2/2014,1052.83
4/3/2014,1052.35
4/4/2014,1045.08
4/7/2014,1036.29
4/8/2014,1040.62
4/9/2014,1050.36
4/10/2014,1031.04
4/11/2014,1021.52
4/14/2014,1030
4/15/2014,1036.96
4/16/2014,1047.82
4/17/2014,1048.91
4/21/2014,1052.02
4/22/2014,1053.82
4/23/2014,1053.04
4/24/2014,1054.02
4/25/2014,1050.11
4/28/2014,1052.53
4/29/2014,1055.17
4/30/2014,1057.22
5/1/2014,1057.33
5/2/2014,1057.93
5/5/2014,1059.33
5/6/2014,1055.32
5/7/2014,1058.39
5/8/2014,1059.1
5/9/2014,1060.49
5/12/2014,1062.93
5/13/2014,1063.31
5/14/2014,1063.45
5/15/2014,1061.84
5/16/2014,1065.9
5/19/2014,1068.24
5/20/2014,1065.37
5/21/2014,1069.76
5/22/2014,1070.41
5/23/2014,1072.96
5/27/2014,1075.21
5/28/2014,1074.91
5/29/2014,1076.55
5/30/2014,1077.18
6/2/2014,1077.54
6/3/2014,1077.61
6/4/2014,1077.78
6/5/2014,1078.74
6/6/2014,1079.32
6/9/2014,1079.33
6/10/2014,1079.75
6/11/2014,1079.04
6/12/2014,1079.08
6/13/2014,1079.51
6/16/2014,1079.67
6/17/2014,1078.95
6/18/2014,1079.68
6/19/2014,1080.04
6/20/2014,1078.55
6/23/2014,1078.74
6/24/2014,1074.06
6/25/2014,1077.71
6/26/2014,1077.42
6/27/2014,1079.13
6/30/2014,1079.55
7/1/2014,1083.2
7/2/2014,1084.09
7/3/2014,1086.43
7/7/2014,1085.34
7/8/2014,1081.59
7/9/2014,1085.07
7/10/2014,1083.02
7/11/2014,1084.7
7/14/2014,1087.19
7/15/2014,1086.68
7/16/2014,1089.02
7/17/2014,1084.58
7/18/2014,1094.31
7/21/2014,1093.09
7/22/2014,1096.11
7/23/2014,1097.09
7/24/2014,1097.62
7/25/2014,1095.05
7/28/2014,1096.4
7/29/2014,1093.48
7/30/2014,1093.87
7/31/2014,1077.25
8/1/2014,1075.2
8/4/2014,1083.13
8/5/2014,1073.3
8/6/2014,1073.78
8/7/2014,1068.24
8/8/2014,1080.47
8/11/2014,1083.79
8/12/2014,1082.13
8/13/2014,1089.69
8/14/2014,1094.47
8/15/2014,1093.15
8/18/2014,1098.73
8/19/2014,1100.66
8/20/2014,1101.62
8/21/2014,1102.68
8/22/2014,1102.47
8/25/2014,1103.89
8/26/2014,1104.78
8/27/2014,1105.44
8/28/2014,1104.72
8/29/2014,1105.74
9/2/2014,1106.5
9/3/2014,1106.11
9/4/2014,1106.08
9/5/2014,1107.61
9/8/2014,1107.26
9/9/2014,1105.77
9/10/2014,1106.68
9/11/2014,1107.54
9/12/2014,1106.37
9/15/2014,1106.57
9/16/2014,1108.23
9/17/2014,1108.68
9/18/2014,1108.94
9/19/2014,1102.92
9/22/2014,1096.95
9/23/2014,1092.05
9/24/2014,1099.13
9/25/2014,1084.26
9/26/2014,1092.98
9/29/2014,1090.89
9/30/2014,1088.24
10/1/2014,1075.08
10/2/2014,1075.44
10/3/2014,1087.11
10/6/2014,1085.77
10/7/2014,1069.55
10/8/2014,1088.29
10/9/2014,1066.21
10/10/2014,1054.19
10/13/2014,1036.86
10/14/2014,1038.53
10/15/2014,1030.2
10/16/2014,1030.4
10/17/2014,1044.51
10/20/2014,1051.44
10/21/2014,1060.54
10/22/2014,1056.2
10/23/2014,1061.76
10/24/2014,1063.41
10/27/2014,1063.98
10/28/2014,1067.74
10/29/2014,1067.29
10/30/2014,1068.07
10/31/2014,1069.6
11/3/2014,1069.5
11/4/2014,1069.42
11/5/2014,1070.25
11/6/2014,1070.34
11/7/2014,1070.53
11/10/2014,1070.79
11/11/2014,1070.41
11/12/2014,1070.58
11/13/2014,1070.58
11/14/2014,1070.54
11/17/2014,1070.83
11/18/2014,1070.4
11/19/2014,1070.79
11/20/2014,1070.94
11/21/2014,1065.61
11/24/2014,1067.77
11/25/2014,1067.09
11/26/2014,1069.37
11/28/2014,1067.06
12/1/2014,1062.93
12/2/2014,1068.07
12/3/2014,1070.48
12/4/2014,1070.71
12/5/2014,1072.18
12/8/2014,1067.95
12/9/2014,1068.02
12/10/2014,1053.97
12/11/2014,1058.43
12/12/2014,1043.54
12/15/2014,1037.55
12/16/2014,1028.75
12/17/2014,1049.79
12/18/2014,1074.22
12/19/2014,1077.89
12/22/2014,1082.08
12/23/2014,1083.29
12/24/2014,1083.69
12/26/2014,1085.7
12/29/2014,1086.94
12/30/2014,1085.37
12/31/2014,1079.29
1/2/2015,1081.21
1/5/2015,1067.33
1/6/2015,1058.81
1/7/2015,1070.86
1/8/2015,1085.29
1/9/2015,1080.07
1/12/2015,1072.78
1/13/2015,1070.51
1/14/2015,1064.61
1/15/2015,1054.91
1/16/2015,1065.57
1/20/2015,1067.79
1/21/2015,1070.61
1/22/2015,1077.86
1/23/2015,1076.9
1/26/2015,1079.11
1/27/2015,1073.36
1/28/2015,1066.1
1/29/2015,1072.31
1/30/2015,1064.1
2/2/2015,1073.6
2/3/2015,1080.35
2/4/2015,1079.32
2/5/2015,1082.55
2/6/2015,1081.93
2/9/2015,1081.94
2/10/2015,1084.97
2/11/2015,1085.27
2/12/2015,1087.14
2/13/2015,1087.16
2/17/2015,1087.25
2/18/2015,1087.3
2/19/2015,1087.06
2/20/2015,1091.63
2/23/2015,1092.51
2/24/2015,1094.13
2/25/2015,1094.28
2/26/2015,1094.27
2/27/2015,1093.68
3/2/2015,1097.16
3/3/2015,1094.88
3/4/2015,1093.26
3/5/2015,1094.26
3/6/2015,1085.7
3/9/2015,1089.48
3/10/2015,1074.94
3/11/2015,1073.26
3/12/2015,1085.45
3/13/2015,1080.51
3/16/2015,1092.54
3/17/2015,1090.13
3/18/2015,1100.12
3/19/2015,1098.89
3/20/2015,1108.67
3/23/2015,1108.6
3/24/2015,1105.01
3/25/2015,1092.93
3/26/2015,1091.12
3/27/2015,1093.95
3/30/2015,1104.84
3/31/2015,1097.55
4/1/2015,1094.65
4/2/2015,1098.22
4/6/2015,1104.48
4/7/2015,1103.41
4/8/2015,1106.77
4/9/2015,1111.42
4/10/2015,1116.23
4/13/2015,1112.52
4/14/2015,1114.83
4/15/2015,1119.91
4/16/2015,1120.08
4/17/2015,1109.11
4/20/2015,1114.89
4/21/2015,1114.31
4/22/2015,1117
4/23/2015,1117.69
4/24/2015,1119.45
4/27/2015,1118.09
4/28/2015,1119.75
4/29/2015,1118.55
4/30/2015,1113.32
5/1/2015,1119.95
5/4/2015,1121.59
5/5/2015,1116.39
5/6/2015,1114.08
5/7/2015,1116.63
5/8/2015,1124.16
5/11/2015,1123.54
5/12/2015,1122.79
5/13/2015,1124.18
5/14/2015,1126.1
5/15/2015,1124.97
5/18/2015,1127.08
5/19/2015,1127.2
5/20/2015,1126.82
5/21/2015,1129.03
5/22/2015,1128.04
5/26/2015,1121.48
5/27/2015,1128.12
5/28/2015,1127.57
5/29/2015,1123.71
6/1/2015,1125.99
6/2/2015,1125.42
6/3/2015,1127.49
6/4/2015,1120.89
6/5/2015,1120.77
6/8/2015,1115.12
6/9/2015,1116.06
6/10/2015,1127.68
6/11/2015,1129.84
6/12/2015,1123.82
6/15/2015,1119.31
6/16/2015,1125.44
6/17/2015,1128.19
6/18/2015,1138.94
6/19/2015,1134.69
6/22/2015,1140.06
6/23/2015,1141.16
6/24/2015,1136.4
6/25/2015,1134.5
6/26/2015,1134.27
6/29/2015,1115.68
6/30/2015,1118.86
7/1/2015,1126.17
7/2/2015,1126.07
7/6/2015,1123.51
7/7/2015,1129.41
7/8/2015,1112.22
7/9/2015,1114.77
7/10/2015,1128.26
7/13/2015,1140.68
7/14/2015,1145.51
7/15/2015,1145.41
7/16/2015,1152.04
7/17/2015,1152.92
7/20/2015,1153.55
7/21/2015,1151.55
7/22/2015,1151.09
7/23/2015,1146.75
7/24/2015,1137.46
7/27/2015,1131.64
7/28/2015,1144.44
7/29/2015,1151.21
7/30/2015,1152.02
7/31/2015,1150.16
8/3/2015,1148.66
8/4/2015,1146.73
8/5/2015,1150.17
8/6/2015,1142.63
8/7/2015,1140.14
8/10/2015,1153.56
8/11/2015,1143.95
8/12/2015,1145.32
8/13/2015,1144.39
8/14/2015,1148.99
8/17/2015,1155.2
8/18/2015,1152.57
8/19/2015,1143.24
8/20/2015,1119.15
8/21/2015,1088.53
8/24/2015,1053.28
8/25/2015,1043.1
8/26/2015,1078.53
8/27/2015,1097.02
8/28/2015,1098.17
8/31/2015,1094.46
9/1/2015,1068.49
9/2/2015,1088.44
9/3/2015,1089.13
9/4/2015,1075.1
9/8/2015,1099.21
9/9/2015,1086.74
9/10/2015,1092.58
9/11/2015,1098.1
9/14/2015,1094.51
9/15/2015,1107.11
9/16/2015,1114.23
9/17/2015,1115.81
9/18/2015,1101.22
9/21/2015,1106.25
9/22/2015,1097.49
9/23/2015,1097.47
9/24/2015,1094.69
9/25/2015,1094.98
9/28/2015,1071.95
9/29/2015,1074.11
9/30/2015,1092.2
10/1/2015,1094.5
10/2/2015,1106.78
10/5/2015,1118.98
10/6/2015,1118.25
10/7/2015,1123.04
10/8/2015,1126.13
10/9/2015,1127.74
10/12/2015,1128.84
10/13/2015,1127.85
10/14/2015,1128.23
10/15/2015,1129.7
10/16/2015,1128.4
10/19/2015,1129.15
10/20/2015,1127.98
10/21/2015,1123.97
10/22/2015,1133.4
10/23/2015,1137.43
10/26/2015,1137.12
10/27/2015,1135.94
10/28/2015,1140.54
10/29/2015,1140.51
10/30/2015,1138.79
11/2/2015,1143.18
11/3/2015,1143.45
11/4/2015,1142.3
11/5/2015,1143.18
11/6/2015,1144.09
11/9/2015,1142.18
11/10/2015,1143.3
11/11/2015,1143.35
11/12/2015,1138.75
11/13/2015,1133.13
11/16/2015,1143.66
11/17/2015,1143.45
11/18/2015,1146.56
11/19/2015,1146.39
11/20/2015,1145.64
11/23/2015,1146.14
11/24/2015,1146.92
11/25/2015,1147.83
11/27/2015,1148.39
11/30/2015,1145.17
12/1/2015,1153.24
12/2/2015,1146.2
12/3/2015,1133.67
12/4/2015,1151.91
12/7/2015,1146.79
12/8/2015,1142.21
12/9/2015,1134.8
12/10/2015,1137.79
12/11/2015,1117.33
12/14/2015,1122.98
12/15/2015,1134.52
12/16/2015,1150.89
12/17/2015,1135.22
12/18/2015,1117.56
12/21/2015,1124.92
12/22/2015,1131.27
12/23/2015,1136.96
12/24/2015,1136.91
12/28/2015,1137.03
12/29/2015,1140.65
12/30/2015,1139.22
12/31/2015,1135.87
1/4/2016,1127.4
1/5/2016,1130.26
1/6/2016,1121.81
1/7/2016,1098.63
1/8/2016,1087.65
1/11/2016,1088.79
1/12/2016,1097.38
1/13/2016,1070.18
1/14/2016,1088.07
1/15/2016,1063.51
1/19/2016,1065.66
1/20/2016,1058.71
1/21/2016,1062.61
1/22/2016,1076.15
1/25/2016,1068.25
1/26/2016,1077.28
1/27/2016,1071.35
1/28/2016,1075.66
1/29/2016,1087.55
2/1/2016,1086.97
2/2/2016,1080.09
2/3/2016,1082.44
2/4/2016,1083.81
2/5/2016,1075.71
2/8/2016,1067.28
2/9/2016,1067.08
2/10/2016,1069.01
2/11/2016,1060.06
2/12/2016,1078.21
2/16/2016,1090.79
2/17/2016,1094.62
2/18/2016,1094.6
2/19/2016,1098
2/22/2016,1106.37
2/23/2016,1099.24
2/24/2016,1102
2/25/2016,1108.2
2/26/2016,1107.72
2/29/2016,1105.6
3/1/2016,1114.92
3/2/2016,1116.45
3/3/2016,1117.51
3/4/2016,1117.74
3/7/2016,1118.94
3/8/2016,1116.96
3/9/2016,1118.42
3/10/2016,1118.94
3/11/2016,1120.77
3/14/2016,1120.73
3/15/2016,1120.45
3/16/2016,1120.26
3/17/2016,1120.52
3/18/2016,1120.21
3/21/2016,1122.23
3/22/2016,1121.38
3/23/2016,1117.6
3/24/2016,1117.98
3/28/2016,1119.24
3/29/2016,1125.59
3/30/2016,1128.17
3/31/2016,1127.39
4/1/2016,1130.55
4/4/2016,1130.19
4/5/2016,1124.51
4/6/2016,1131.09
4/7/2016,1124.51
4/8/2016,1128.17
4/11/2016,1126.92
4/12/2016,1134.31
4/13/2016,1135.89
4/14/2016,1136.09
4/15/2016,1134.46
4/18/2016,1138.68
4/19/2016,1140.23
4/20/2016,1140.68
4/21/2016,1138.35
4/22/2016,1139.21
4/25/2016,1138.5
4/26/2016,1139.61
4/27/2016,1140.85
4/28/2016,1135.11
4/29/2016,1132.38
5/2/2016,1138.95
5/3/2016,1133.12
5/4/2016,1128.53
5/5/2016,1129.11
5/6/2016,1132.8
5/9/2016,1134.28
5/10/2016,1143.94
5/11/2016,1137.95
5/12/2016,1138.4
5/13/2016,1130.76
5/16/2016,1141.31
5/17/2016,1132.07
5/18/2016,1132.65
5/19/2016,1128.57
5/20/2016,1136.98
5/23/2016,1136.38
5/24/2016,1144.5
5/25/2016,1147.7
5/26/2016,1148.07
5/27/2016,1150.11
5/31/2016,1150.23
6/1/2016,1150.65
6/2/2016,1151.95
6/3/2016,1152.15
6/6/2016,1153.04
6/7/2016,1153.19
6/8/2016,1154.13
6/9/2016,1153.93
6/10/2016,1152.59
6/13/2016,1151.08
6/14/2016,1152.12
6/15/2016,1152.9
6/16/2016,1154.32
6/17/2016,1149.43
6/20/2016,1153.78
6/21/2016,1154.99
6/22/2016,1151.89
6/23/2016,1160.9
6/24/2016,1139.51
6/27/2016,1126.91
6/28/2016,1144.47
6/29/2016,1157.01
6/30/2016,1163.51
7/1/2016,1165.81
7/5/2016,1164.45
7/6/2016,1166.75
7/7/2016,1167.28
7/8/2016,1170.57
7/11/2016,1170.91
7/12/2016,1170.65
7/13/2016,1170.87
7/14/2016,1170.82
7/15/2016,1164.86
7/18/2016,1167.06
7/19/2016,1166.78
7/20/2016,1169.56
7/21/2016,1167.24
7/22/2016,1170.92
7/25/2016,1169.1
7/26/2016,1169.33
7/27/2016,1169.13
7/28/2016,1170.45
7/29/2016,1172.74
8/1/2016,1172.41
8/2/2016,1167.92
8/3/2016,1171.36
8/4/2016,1171.91
8/5/2016,1178.1
8/8/2016,1178.25
8/9/2016,1178.49
8/10/2016,1177.7
8/11/2016,1180.33
8/12/2016,1181.16
8/15/2016,1182.28
8/16/2016,1180.96
8/17/2016,1182.52
8/18/2016,1183.39
8/19/2016,1185.22
8/22/2016,1185.14
8/23/2016,1186.14
8/24/2016,1182.23
8/25/2016,1181.39
8/26/2016,1180.93
8/29/2016,1185.85
8/30/2016,1185.19
8/31/2016,1183.87
9/1/2016,1184.03
9/2/2016,1188.76
9/6/2016,1191.2
9/7/2016,1191.96
9/8/2016,1191.13
9/9/2016,1165.29
9/12/2016,1182.15
9/13/2016,1165.66
9/14/2016,1165.21
9/15/2016,1177.17
9/16/2016,1172.74
9/19/2016,1173.1
9/20/2016,1173.19
9/21/2016,1180.56
9/22/2016,1184.73
9/23/2016,1182.68
9/26/2016,1177.53
9/27/2016,1182.36
9/28/2016,1185.35
9/29/2016,1179.9
9/30/2016,1184.83
10/3/2016,1184.22
10/4/2016,1182.18
10/5/2016,1185.37
10/6/2016,1186.26
10/7/2016,1185.73
10/10/2016,1188.67
10/11/2016,1182.2
10/12/2016,1183.57
10/13/2016,1182.07
10/14/2016,1183.48
10/17/2016,1182.46
10/18/2016,1188.26
10/19/2016,1190.27
10/20/2016,1191.75
10/21/2016,1192.84
10/24/2016,1196.67
10/25/2016,1193.85
10/26/2016,1192.5
10/27/2016,1190.21
10/28/2016,1187.64
10/31/2016,1187.41
11/1/2016,1182.22
11/2/2016,1177.19
11/3/2016,1172.84
11/4/2016,1171.27
11/7/2016,1190.22
11/8/2016,1193.44
11/9/2016,1203.4
11/10/2016,1205.02
11/11/2016,1206.25
11/14/2016,1207.27
11/15/2016,1208.99
11/16/2016,1209.67
11/17/2016,1210.07
11/18/2016,1208.13
11/21/2016,1213.23
11/22/2016,1214.47
11/23/2016,1215.23
11/25/2016,1217.34
11/28/2016,1214.85
11/29/2016,1215.81
11/30/2016,1214.79
12/1/2016,1213
12/2/2016,1213.88
12/5/2016,1219.44
12/6/2016,1221.64
12/7/2016,1223.57
12/8/2016,1223.81
12/9/2016,1223.76
12/12/2016,1223.87
12/13/2016,1224.07
12/14/2016,1223.98
12/15/2016,1224.18
12/16/2016,1219.76
12/19/2016,1222
12/20/2016,1224.29
12/21/2016,1223.5
12/22/2016,1222.83
12/23/2016,1224.04
12/27/2016,1226.04
12/28/2016,1220.46
12/29/2016,1220.24
12/30/2016,1216.13
1/3/2017,1225.16
1/4/2017,1230.17
1/5/2017,1230.21
1/6/2017,1232.76
1/9/2017,1231.82
1/10/2017,1232.89
1/11/2017,1234.98
1/12/2017,1234.47
1/13/2017,1236.52
1/17/2017,1235.73
1/18/2017,1237.54
1/19/2017,1235.8
1/20/2017,1239.32
1/23/2017,1237.54
1/24/2017,1242.25
1/25/2017,1245.64
1/26/2017,1245.75
1/27/2017,1246.62
1/30/2017,1243.47
1/31/2017,1243.1
2/1/2017,1244.5
2/2/2017,1245.29
2/3/2017,1249.68
2/6/2017,1249.65
2/7/2017,1250.3
2/8/2017,1250.81
2/9/2017,1252.47
2/10/2017,1252.78
2/13/2017,1253.13
2/14/2017,1253.21
2/15/2017,1253.6
2/16/2017,1253.52
2/17/2017,1257.3
2/21/2017,1260.28
2/22/2017,1259.82
2/23/2017,1260.15
2/24/2017,1261.74
2/27/2017,1261.67
2/28/2017,1260.36
3/1/2017,1265.39
